id,name,city,state,verified_count,verified_images_pipe
cmpxzvwp0000b04kym6syqg83,Katiki Waterfalls,Araku,Andhra Pradesh,3,https://upload.wikimedia.org/wikipedia/commons/2/2d/Katiki_Waterfall.jpg|https://upload.wikimedia.org/wikipedia/commons/e/e8/Katiki_waterfalls.jp.jpg|https://upload.wikimedia.org/wikipedia/commons/3/3e/Katiki_waterfalls.jpg
cmpxzvxje000d04kyw3cbzpjn,Bheemunipatnam Beach,Bheemunipatnam,Andhra Pradesh,4,https://upload.wikimedia.org/wikipedia/commons/8/81/A_Shelter_at_Bheemunipatnam_Beach_Park.jpg|https://upload.wikimedia.org/wikipedia/commons/2/29/A_Statue_at_Bheemunipatnam_Beach_Park.jpg|https://upload.wikimedia.org/wikipedia/commons/1/1b/A_Tomb_at_Dutch_Cemetery%2C_Bheemunipatnam_beach_01.jpg|https://upload.wikimedia.org/wikipedia/commons/4/4f/A_Tomb_at_Dutch_Cemetery%2C_Bheemunipatnam_beach_02.jpg
cmpxzvz3j000j04kygbqu8fws,Ethipothala Falls,Macherla,Andhra Pradesh,5,https://upload.wikimedia.org/wikipedia/commons/6/64/Ethipothala_waterfall_guntur.jpg|https://upload.wikimedia.org/wikipedia/commons/9/9c/Ethipothala_Waterfalls_Landscape.JPG|https://upload.wikimedia.org/wikipedia/commons/e/e7/Ethipothala_Waterfalls.JPG|https://upload.wikimedia.org/wikipedia/commons/4/40/Ethipothala_waterfall_2007.jpg|https://upload.wikimedia.org/wikipedia/commons/b/b2/Ethipothala_waterfall.jpg
cmpxzvydm000g04kyfi1qhm27,Srisailam Mallikarjuna Temple,Srisailam,Andhra Pradesh,5,https://upload.wikimedia.org/wikipedia/commons/d/d5/2025_Ghanta_Matham_temple_in_Srisailam.jpg|https://upload.wikimedia.org/wikipedia/commons/6/6c/A_Nataraja_relief_carved_on_Northern_wall_of_Srisailam_Temple.jpg|https://upload.wikimedia.org/wikipedia/commons/2/2d/APSS303_Srisailam_town_zoom_view_from_welcome_center2.jpg|https://upload.wikimedia.org/wikipedia/commons/4/4a/Entrance_of_Srisailam_temple.jpg|https://upload.wikimedia.org/wikipedia/commons/3/3c/Eshana_Lingam_and_Kumara_Lingam_temples_at_Ghanta_Matham_in_Srisailam.jpg
cmpuvlxr0000g04l1fbkteicr,Bheemunipatnam Beach,Visakhapatnam,Andhra Pradesh,5,https://upload.wikimedia.org/wikipedia/commons/3/3c/A_Creative_Snap_at_Bheemunipatnam_Beach_01.jpg|https://upload.wikimedia.org/wikipedia/commons/1/1b/A_Tomb_at_Dutch_Cemetery%2C_Bheemunipatnam_beach_01.jpg|https://upload.wikimedia.org/wikipedia/commons/4/4f/A_Tomb_at_Dutch_Cemetery%2C_Bheemunipatnam_beach_02.jpg|https://upload.wikimedia.org/wikipedia/commons/0/0b/A_Tomb_at_Dutch_Cemetery%2C_Bheemunipatnam_beach_03.jpg|https://upload.wikimedia.org/wikipedia/commons/7/72/A_Tomb_at_Dutch_Cemetery%2C_Bheemunipatnam_beach_04.jpg
cmppccfn5000204l21a89rto9,INS Kursura Submarine Museum,Visakhapatnam,Andhra Pradesh,1,https://upload.wikimedia.org/wikipedia/commons/d/d8/INS_Kursura_Submarine_Museum.jpg
cmpuvluxl000404l1ztkcusdc,INS Kurusura Submarine Museum,Visakhapatnam,Andhra Pradesh,5,https://upload.wikimedia.org/wikipedia/commons/b/bc/INS_Kursura_%28S20%29.jpg|https://upload.wikimedia.org/wikipedia/commons/7/7a/INS_Kursura_at_RK_Beach_Vizag.JPG|https://upload.wikimedia.org/wikipedia/commons/d/d8/INS_Kursura_Submarine_Museum.jpg|https://upload.wikimedia.org/wikipedia/commons/6/6d/Interior_of_INS_Kursura_%28S20%29%2C_the_submarine_museum_in_Vizag_01.jpg|https://upload.wikimedia.org/wikipedia/commons/9/91/Interior_of_INS_Kursura_%28S20%29%2C_the_submarine_museum_in_Vizag_02.jpg
cmpuvlygc000j04l13v5ekb05,Katiki Waterfalls,Visakhapatnam,Andhra Pradesh,3,https://upload.wikimedia.org/wikipedia/commons/2/2d/Katiki_Waterfall.jpg|https://upload.wikimedia.org/wikipedia/commons/e/e8/Katiki_waterfalls.jp.jpg|https://upload.wikimedia.org/wikipedia/commons/3/3e/Katiki_waterfalls.jpg
cmptyplcd000704jskqx9cwhr,Anjuna Beach,Anjuna,Goa,3,https://upload.wikimedia.org/wikipedia/commons/c/cf/Anjuna_Beach%2C_Goa%2C_India%2C_Legendary_Curlies_beach_shack.jpg|https://upload.wikimedia.org/wikipedia/commons/0/00/Anjuna_beach_water_receding.jpg|https://upload.wikimedia.org/wikipedia/commons/b/b2/Anjuna_Hill_-_panoramio.jpg
cmpy1xdbo002c04l5gb0lcug6,Arambol Beach,Arambol,Goa,5,https://upload.wikimedia.org/wikipedia/commons/8/82/Arambol-give-tylicki.jpg|https://upload.wikimedia.org/wikipedia/commons/a/ab/Arambol_2022-01-04-2.jpg|https://upload.wikimedia.org/wikipedia/commons/e/e6/Arambol_Lake_swimmer.jpg|https://upload.wikimedia.org/wikipedia/commons/d/df/Arambol_Mountain.jpg|https://upload.wikimedia.org/wikipedia/commons/0/00/Arambol_Shacks.jpg
cmpy1wslb002404l5bfvzk2xw,Fort Cabo de Rama,Cabo de Rama,Goa,2,https://upload.wikimedia.org/wikipedia/commons/a/ad/Fort_aguada.jpg|https://upload.wikimedia.org/wikipedia/commons/f/f4/Aguada_Fort_%2C_Goa%2C_India.JPG
cmptypl43000604jsodjo91x1,Baga Beach,Calangute,Goa,5,https://upload.wikimedia.org/wikipedia/commons/a/a8/Baga_Beach%2C_Calangute%2C_Goa.jpg|https://upload.wikimedia.org/wikipedia/commons/5/53/Baga_Beach%2C_Goa.jpg|https://upload.wikimedia.org/wikipedia/commons/8/80/Baga_Beach_25012016.jpg|https://upload.wikimedia.org/wikipedia/commons/8/81/Sunset_at_Calangute.jpg|https://upload.wikimedia.org/wikipedia/commons/a/ae/Boats_on_the_Calangute_beach%2C_Goa.jpg
cmptypkvq000504js12kgxli8,Calangute Beach,Calangute,Goa,5,https://upload.wikimedia.org/wikipedia/commons/8/81/Sunset_at_Calangute.jpg|https://upload.wikimedia.org/wikipedia/commons/a/ae/Boats_on_the_Calangute_beach%2C_Goa.jpg|https://upload.wikimedia.org/wikipedia/commons/1/18/Calangute-Tinto.jpg|https://upload.wikimedia.org/wikipedia/commons/a/a8/Baga_Beach%2C_Calangute%2C_Goa.jpg|https://upload.wikimedia.org/wikipedia/commons/5/53/Baga_Beach%2C_Goa.jpg
cmpy1xaw9002504l5luugkmqe,Agonda Beach,Canacona,Goa,4,https://upload.wikimedia.org/wikipedia/commons/9/9c/Palolem_Beach%2C_South_Goa.jpg|https://upload.wikimedia.org/wikipedia/commons/d/da/Goa_Palolem_beach_sunset.jpg|https://upload.wikimedia.org/wikipedia/commons/3/3f/Palolem_Beach%2C_south_Goa.jpg|https://upload.wikimedia.org/wikipedia/commons/9/9c/Palolem_Beach%2C_South_Goa.jpg
cmpy1wrv9002104l5rypgho0s,Cotigao Wildlife Sanctuary,Canacona,Goa,3,https://upload.wikimedia.org/wikipedia/commons/9/9c/Palolem_Beach%2C_South_Goa.jpg|https://upload.wikimedia.org/wikipedia/commons/3/3f/Palolem_Beach%2C_south_Goa.jpg|https://upload.wikimedia.org/wikipedia/commons/9/9c/Palolem_Beach%2C_South_Goa.jpg
cmptyplkp000804jsj65r549s,Palolem Beach,Canacona,Goa,5,https://upload.wikimedia.org/wikipedia/commons/9/9c/Palolem_Beach%2C_South_Goa.jpg|https://upload.wikimedia.org/wikipedia/commons/d/da/Goa_Palolem_beach_sunset.jpg|https://upload.wikimedia.org/wikipedia/commons/3/3f/Palolem_Beach%2C_south_Goa.jpg|https://upload.wikimedia.org/wikipedia/commons/9/9c/Palolem_Beach%2C_South_Goa.jpg|https://upload.wikimedia.org/wikipedia/commons/d/da/Goa_Palolem_beach_sunset.jpg
cmpy1xb4x002604l54mkteyjt,Candolim Beach,Candolim,Goa,2,https://upload.wikimedia.org/wikipedia/commons/a/a8/Baga_Beach%2C_Calangute%2C_Goa.jpg|https://upload.wikimedia.org/wikipedia/commons/6/6b/Aguada_Fort_-_Sinquerim_Beach_-_Goa_-_0001.jpg
cmptypkf3000304jsdypu0rd0,Dudhsagar Falls,Collem,Goa,2,https://upload.wikimedia.org/wikipedia/commons/f/f7/Doodhsagar_Waterfalls.jpg|https://upload.wikimedia.org/wikipedia/commons/f/f7/Doodhsagar_Waterfalls.jpg
cmpy1wscm002304l5dq8hv7r8,Colva Beach,Colva,Goa,2,https://upload.wikimedia.org/wikipedia/commons/9/9c/Palolem_Beach%2C_South_Goa.jpg|https://upload.wikimedia.org/wikipedia/commons/d/da/Goa_Palolem_beach_sunset.jpg
cmpy1ws3y002204l5kbrk6xlo,Divar Island,Divar,Goa,1,https://upload.wikimedia.org/wikipedia/commons/9/9a/Jose_pacheco_-_Divar.jpg
cmpy1wq1p001w04l5w2zze9b5,Bhagwan Mahavir Wildlife Sanctuary,Mollem,Goa,0,
cmpy1xbdn002704l53f2hfp1b,Morjim Beach,Morjim,Goa,2,https://upload.wikimedia.org/wikipedia/commons/c/cf/Anjuna_Beach%2C_Goa%2C_India%2C_Legendary_Curlies_beach_shack.jpg|https://upload.wikimedia.org/wikipedia/commons/a/a8/Baga_Beach%2C_Calangute%2C_Goa.jpg
cmptypjpp000004jsgee6anr8,Basilica of Bom Jesus,Old Goa,Goa,3,https://upload.wikimedia.org/wikipedia/commons/9/9e/Front_Elevation_of_Basilica_of_Bom_Jesus.jpg|https://upload.wikimedia.org/wikipedia/commons/f/f3/Basilica_of_Bom_Jesus_and_vehicles_parked_infront.jpg|https://upload.wikimedia.org/wikipedia/commons/3/38/Basilica_of_Bom_Jesus_inside_courtyard.jpg
cmptypjyb000104jsrt02sycp,Se Cathedral,Old Goa,Goa,3,https://upload.wikimedia.org/wikipedia/commons/1/14/Perspective_of_Se_Cathedral.jpg|https://upload.wikimedia.org/wikipedia/commons/d/d8/Closeup_of_Se_Cathedral_from_Rua_Direita_%2802%29.jpg|https://upload.wikimedia.org/wikipedia/commons/0/0e/Bell_Tower_on_Se_Cathedral.jpg
cmpy1xcyl002b04l5ehsne0ay,Butterfly Beach,Palolem,Goa,5,https://upload.wikimedia.org/wikipedia/commons/9/9c/Palolem_Beach%2C_South_Goa.jpg|https://upload.wikimedia.org/wikipedia/commons/d/da/Goa_Palolem_beach_sunset.jpg|https://upload.wikimedia.org/wikipedia/commons/3/3f/Palolem_Beach%2C_south_Goa.jpg|https://upload.wikimedia.org/wikipedia/commons/9/9c/Palolem_Beach%2C_South_Goa.jpg|https://upload.wikimedia.org/wikipedia/commons/d/da/Goa_Palolem_beach_sunset.jpg
cmpy1y8yu002d04l530y7g05s,Dona Paula,Panaji,Goa,3,https://upload.wikimedia.org/wikipedia/commons/8/8c/Dona_Paula%2C_Goa.jpg|https://upload.wikimedia.org/wikipedia/commons/9/93/Dona_Paula_Goa.jpg|https://upload.wikimedia.org/wikipedia/commons/d/db/Fishing_Boats_anchored_at_Dona_Paula_%2C_Goa.jpg
cmpy1wpt1001v04l5ku129twm,Fontainhas Latin Quarter,Panaji,Goa,3,https://upload.wikimedia.org/wikipedia/commons/0/0c/Fontainhas_-_Wishing_Well_%2856337569%29.jpg|https://upload.wikimedia.org/wikipedia/commons/e/e4/Fontainhas_-_somewhere_in_between.jpg|https://upload.wikimedia.org/wikipedia/commons/d/db/Road_along_Vasco-da-gama_residence_in_Fontainhas%2C_Panaji.jpg
cmptyplt1000904jst8e7m8kv,Shri Mangueshi Temple,Ponda,Goa,5,https://upload.wikimedia.org/wikipedia/commons/7/7d/Shri-Mangesh-Temple%2CGoa.JPG|https://upload.wikimedia.org/wikipedia/commons/a/a9/IN-Goa-Ponda-shri-manguesh-1.jpg|https://upload.wikimedia.org/wikipedia/commons/4/48/IN-Goa-Ponda-shri-manguesh-2.jpg|https://upload.wikimedia.org/wikipedia/commons/7/7d/Shri-Mangesh-Temple%2CGoa.JPG|https://upload.wikimedia.org/wikipedia/commons/a/a9/IN-Goa-Ponda-shri-manguesh-1.jpg
cmpy1wpbe001u04l5x0fwcao0,Spice Plantation Ponda,Ponda,Goa,2,https://upload.wikimedia.org/wikipedia/commons/a/a9/IN-Goa-Ponda-shri-manguesh-1.jpg|https://upload.wikimedia.org/wikipedia/commons/4/48/IN-Goa-Ponda-shri-manguesh-2.jpg
cmpy1wrdu001z04l5jlgww9eb,Netravali Bubbling Lake,Sanguem,Goa,1,https://upload.wikimedia.org/wikipedia/commons/7/7c/Netravali.jpg
cmpy1wr52001y04l5meswufox,Tambdi Surla Temple,Sanguem,Goa,2,https://upload.wikimedia.org/wikipedia/commons/7/7d/Shri-Mangesh-Temple%2CGoa.JPG|https://upload.wikimedia.org/wikipedia/commons/7/7d/Shri-Mangesh-Temple%2CGoa.JPG
cmpy1wrmj002004l5gxl88r8n,Harvalem Waterfall,Sanquelim,Goa,0,
cmptypk6r000204jsd966ky16,Fort Aguada,Sinquerim,Goa,3,https://upload.wikimedia.org/wikipedia/commons/a/ad/Fort_aguada.jpg|https://upload.wikimedia.org/wikipedia/commons/f/f4/Aguada_Fort_%2C_Goa%2C_India.JPG|https://upload.wikimedia.org/wikipedia/commons/6/6b/Aguada_Fort_-_Sinquerim_Beach_-_Goa_-_0001.jpg
cmpy1xbv0002904l53nm1c8k7,Sinquerim Beach,Sinquerim,Goa,1,https://upload.wikimedia.org/wikipedia/commons/6/6b/Aguada_Fort_-_Sinquerim_Beach_-_Goa_-_0001.jpg
cmptypknf000404jsqpxnko2b,Chapora Fort,Vagator,Goa,3,https://upload.wikimedia.org/wikipedia/commons/4/4f/Chapora_Fort_GOA.jpg|https://upload.wikimedia.org/wikipedia/commons/3/35/Fort_Chapora_26012016.jpg|https://upload.wikimedia.org/wikipedia/commons/5/5c/Chapora_fort_25012016.jpg
cmpy1xbmc002804l51vm67mun,Vagator Beach,Vagator,Goa,4,https://upload.wikimedia.org/wikipedia/commons/4/4f/Chapora_Fort_GOA.jpg|https://upload.wikimedia.org/wikipedia/commons/3/35/Fort_Chapora_26012016.jpg|https://upload.wikimedia.org/wikipedia/commons/5/5c/Chapora_fort_25012016.jpg|https://upload.wikimedia.org/wikipedia/commons/c/cf/Anjuna_Beach%2C_Goa%2C_India%2C_Legendary_Curlies_beach_shack.jpg
cmpy1xcpw002a04l544kqh4t5,Grand Island Scuba,Vasco,Goa,0,
cmpy1wqwd001x04l50k897x03,Reis Magos Fort,Verem,Goa,3,https://upload.wikimedia.org/wikipedia/commons/a/ad/Fort_aguada.jpg|https://upload.wikimedia.org/wikipedia/commons/f/f4/Aguada_Fort_%2C_Goa%2C_India.JPG|https://upload.wikimedia.org/wikipedia/commons/6/6b/Aguada_Fort_-_Sinquerim_Beach_-_Goa_-_0001.jpg
cmpy1ktm6000n04l5gbltk6cf,Chandratal Lake,Batal,Himachal Pradesh,5,https://upload.wikimedia.org/wikipedia/commons/d/d0/Beauty_of_Chandratal_Lake_03.jpg|https://upload.wikimedia.org/wikipedia/commons/a/a7/Chandratal.JPG|https://upload.wikimedia.org/wikipedia/commons/3/3a/Chandratal_1.JPG|https://upload.wikimedia.org/wikipedia/commons/0/0a/Chandratal_July_2017.jpg|https://upload.wikimedia.org/wikipedia/commons/5/58/Ruddy_Shelduck_Chandratal_Spiti_Himachal_Jun18_D72_7911.jpg
cmptwun12000905l1xjczqi3i,Bir Billing,Bir,Himachal Pradesh,2,https://upload.wikimedia.org/wikipedia/commons/6/6a/Paragliding_at_Bir_Billing.jpg|https://upload.wikimedia.org/wikipedia/commons/4/4d/Bir_Billing_paragliding.jpg
cmpy1lknk000u04l5kwelzzhn,Chail,Chail,Himachal Pradesh,5,https://upload.wikimedia.org/wikipedia/commons/1/1e/Chail_Palace.jpg|https://upload.wikimedia.org/wikipedia/commons/7/77/Chailcricketground.jpg|https://upload.wikimedia.org/wikipedia/commons/5/5e/Chailhill.jpg|https://upload.wikimedia.org/wikipedia/commons/4/4c/Kali_Tibba_Temple_Chail_2025.jpg|https://upload.wikimedia.org/wikipedia/commons/4/47/Kufri%2C_starting_point_to_Chail.jpg
cmpy1k88j000d04l569yhp49s,Chamba,Chamba,Himachal Pradesh,5,https://upload.wikimedia.org/wikipedia/commons/e/e0/0051523_Hari_Rai_temple%2C_Chamba%2C_Himachal_Pradesh_032.jpg|https://upload.wikimedia.org/wikipedia/commons/0/02/0051723_Lakshmi_Narayan_group_of_temples%2C_Chamba%2C_Himachal_Pradesh_051.jpg|https://upload.wikimedia.org/wikipedia/commons/2/2e/Chamba2.jpg|https://upload.wikimedia.org/wikipedia/commons/7/77/Chamba3.jpg|https://upload.wikimedia.org/wikipedia/commons/3/31/Chamba4.jpg
cmptwulmr000305l1anzvpkgv,Dalhousie,Dalhousie,Himachal Pradesh,2,https://upload.wikimedia.org/wikipedia/commons/4/4b/Dalhousie_hill_station.jpg|https://upload.wikimedia.org/wikipedia/commons/8/8f/Dalhousie_view.jpg
cmptwuled000205l1wgt42885,Dharamshala,Dharamshala,Himachal Pradesh,1,https://upload.wikimedia.org/wikipedia/commons/2/2d/Dharamshala_McLeod_Ganj.jpg
cmpy1k5us000504l5ata4rkys,McLeod Ganj,Dharamshala,Himachal Pradesh,3,https://upload.wikimedia.org/wikipedia/commons/4/4f/McLeod_Ganj_Street.jpg|https://upload.wikimedia.org/wikipedia/commons/8/8e/McLeod_Ganj.jpg|https://upload.wikimedia.org/wikipedia/commons/2/2d/Dharamshala_McLeod_Ganj.jpg
cmpy1ksp6000l04l58psu9yzu,Triund,Dharamshala,Himachal Pradesh,1,https://upload.wikimedia.org/wikipedia/commons/2/2d/Dharamshala_McLeod_Ganj.jpg
cmpy1k7zz000c04l5e4nuzvjq,Great Himalayan National Park,Gushaini,Himachal Pradesh,3,https://upload.wikimedia.org/wikipedia/commons/6/64/Great_Himalayan_National_Park%2C_Kullu%2C_Himachal.jpg|https://upload.wikimedia.org/wikipedia/commons/3/32/Great_Himlayan_National_Park%2C_Himachal_Pradesh%2C_India.jpg|https://upload.wikimedia.org/wikipedia/commons/4/4d/Verditer_Flycatcher_in_Great_Himalayan_National_Park.jpg
cmpy1k7rg000b04l55a1ci0ky,Tirthan Valley,Gushaini,Himachal Pradesh,1,https://upload.wikimedia.org/wikipedia/commons/6/61/Solang_Valley%2C_India.jpg
cmpy1k7iw000a04l5v2pw56dy,Jibhi,Jibhi,Himachal Pradesh,0,
cmptwumsm000805l1fu5fqqqq,Kalpa,Kalpa,Himachal Pradesh,2,https://upload.wikimedia.org/wikipedia/commons/1/1e/Kalpa_Kinnaur.jpg|https://upload.wikimedia.org/wikipedia/commons/7/7c/Kinnaur_Kailash_from_Kalpa.jpg
cmpy1lkfc000t04l5rsqd8tf9,Kasauli,Kasauli,Himachal Pradesh,5,https://upload.wikimedia.org/wikipedia/commons/1/16/CHRIST_CHURCH%2C_KASAULI.JPG|https://upload.wikimedia.org/wikipedia/commons/4/47/Central_Research_Institute%2C_Kasauli.JPG|https://upload.wikimedia.org/wikipedia/commons/7/7c/Christ_Church%2C_Kasauli_%2CSolan_%2CHimachal_Pardesh.jpg|https://upload.wikimedia.org/wikipedia/commons/0/02/Christchurch.kasauli.jpg|https://upload.wikimedia.org/wikipedia/commons/6/65/Doordarshan_TV_tower_Kasauli.jpg
cmptwum3i000505l1dnwapxm2,Kasol,Kasol,Himachal Pradesh,1,https://upload.wikimedia.org/wikipedia/commons/9/9e/Kasol_Parvati_valley.jpg
cmpy1k8pp000e04l5wrzz7wkf,Kaza,Kaza,Himachal Pradesh,2,https://upload.wikimedia.org/wikipedia/commons/4/4c/Spiti_Valley.jpg|https://upload.wikimedia.org/wikipedia/commons/8/8d/Key_Gompa_Spiti_Valley.jpg
cmpy1k8y9000f04l55r9j0s1k,Key Monastery,Kaza,Himachal Pradesh,3,https://upload.wikimedia.org/wikipedia/commons/2/2a/Key_Monastery_Spiti.jpg|https://upload.wikimedia.org/wikipedia/commons/8/8d/Key_Gompa_Spiti_Valley.jpg|https://upload.wikimedia.org/wikipedia/commons/3/3b/Tabo_Monastery.jpg
cmptwulv5000405l1a3o6wpq9,Khajjiar,Khajjiar,Himachal Pradesh,3,https://upload.wikimedia.org/wikipedia/commons/5/5a/Khajjiar_Meadow.jpg|https://upload.wikimedia.org/wikipedia/commons/6/6e/Khajjiar_Lake.jpg|https://upload.wikimedia.org/wikipedia/commons/9/9d/Khajjiar.jpg
cmpy1lixh000q04l5rk7whwpf,Kufri,Kufri,Himachal Pradesh,2,https://upload.wikimedia.org/wikipedia/commons/8/85/Kufri_Simla_Himachal_India_%281%29.jpg|https://upload.wikimedia.org/wikipedia/commons/3/3e/Kufri_Shimla.jpg
cmptwumk6000705l1a97cl6ve,Kullu,Kullu,Himachal Pradesh,3,https://upload.wikimedia.org/wikipedia/commons/8/80/Beas_River%2C_Kullu_Valley.jpg|https://upload.wikimedia.org/wikipedia/commons/3/34/Beas_Valley_-_Palchan_-_Kullu_2014-05-10_2275.JPG|https://upload.wikimedia.org/wikipedia/commons/6/61/Kullu_Valley_with_River_Beas_-_Kullu_-_Himachal_Pradesh_-_2014-05-09_2186.JPG
cmpy1lji7000r04l5kastjhcv,Gulaba Snow Point,Manali,Himachal Pradesh,1,https://upload.wikimedia.org/wikipedia/commons/b/b8/Rohtang_Pass.jpg
cmpy1ljqf000s04l5alco3p79,Hadimba Temple,Manali,Himachal Pradesh,1,https://upload.wikimedia.org/wikipedia/commons/3/3c/Hadimba_Devi_Temple%2C_Manali.jpg
cmptwul60000105l1xrc1pw0t,Manali,Manali,Himachal Pradesh,4,https://upload.wikimedia.org/wikipedia/commons/5/5c/Manali_City.jpg|https://upload.wikimedia.org/wikipedia/commons/3/3c/Hadimba_Devi_Temple%2C_Manali.jpg|https://upload.wikimedia.org/wikipedia/commons/9/9a/Manali_view.jpg|https://upload.wikimedia.org/wikipedia/commons/2/2e/Manali_Town.jpg
cmpy1krsa000i04l59qfoqa9c,Rohtang Pass,Manali,Himachal Pradesh,1,https://upload.wikimedia.org/wikipedia/commons/b/b8/Rohtang_Pass.jpg
cmpy1ks0h000j04l5sjplj9aw,Solang Valley,Manali,Himachal Pradesh,1,https://upload.wikimedia.org/wikipedia/commons/6/61/Solang_Valley%2C_India.jpg
cmpy1k7ac000904l5z4m14re2,Mashobra,Mashobra,Himachal Pradesh,3,https://upload.wikimedia.org/wikipedia/commons/3/3d/Mashobra_2.jpg|https://upload.wikimedia.org/wikipedia/commons/c/ce/Mashobra_Himanchal_Pradesh.jpg|https://upload.wikimedia.org/wikipedia/commons/1/1f/Mashobra_Sunset.jpg
cmpy1k63d000604l5753ith6x,Bhagsu Waterfall,McLeod Ganj,Himachal Pradesh,4,https://upload.wikimedia.org/wikipedia/commons/4/4f/McLeod_Ganj_Street.jpg|https://upload.wikimedia.org/wikipedia/commons/8/8e/McLeod_Ganj.jpg|https://upload.wikimedia.org/wikipedia/commons/2/2d/Dharamshala_McLeod_Ganj.jpg|https://upload.wikimedia.org/wikipedia/commons/1/1b/Bhagsu_Falls.jpg
cmpy1k9fc000h04l5r6nqmw40,Narkanda,Narkanda,Himachal Pradesh,5,https://upload.wikimedia.org/wikipedia/commons/8/81/NARKANDA.jpg|https://upload.wikimedia.org/wikipedia/commons/8/83/Narkanda_DSC_5964_%2822108437655%29.jpg|https://upload.wikimedia.org/wikipedia/commons/d/d5/Narkanda_DSC_5974_%2821920532978%29.jpg|https://upload.wikimedia.org/wikipedia/commons/3/39/Narkanda_India1.jpg|https://upload.wikimedia.org/wikipedia/commons/c/cc/Narkanda_himachal_pradesh_India.jpg
cmpy1k6bw000704l5os1l67e6,Palampur,Palampur,Himachal Pradesh,2,https://upload.wikimedia.org/wikipedia/commons/7/70/A_view_of_Palampur_Himachal_Pradesh_India.jpg|https://upload.wikimedia.org/wikipedia/commons/a/a1/Palampur_tea_plantation%2C_Himachal_Pradesh%2C_India.jpg
cmpy1k96t000g04l5vjxl61mq,Rewalsar Lake,Rewalsar,Himachal Pradesh,3,https://upload.wikimedia.org/wikipedia/commons/9/95/Morning_mist%2C_Lake_Rewalsar.jpg|https://upload.wikimedia.org/wikipedia/commons/d/d2/Rewalsar_Lake%2C_Mandi.jpg|https://upload.wikimedia.org/wikipedia/commons/5/54/Shrine_to_Mandarava_in_cave_above_Lake_Rewalsar.jpg
cmpy1ku70000p04l55chs4a27,Sangla Valley,Sangla,Himachal Pradesh,3,https://upload.wikimedia.org/wikipedia/commons/4/4a/Sangla_valley.jpg|https://upload.wikimedia.org/wikipedia/commons/8/8a/Sangla_village.jpg|https://upload.wikimedia.org/wikipedia/commons/4/4c/Spiti_Valley.jpg
cmpy1llcg000v04l57q2ecu6c,Christ Church Shimla,Shimla,Himachal Pradesh,5,https://upload.wikimedia.org/wikipedia/commons/f/fd/Christ_Church%2C_Shimla.jpg|https://upload.wikimedia.org/wikipedia/commons/0/02/Bird_eye_View_of_Mall_Road_%28Shimla%29.jpg|https://upload.wikimedia.org/wikipedia/commons/1/1a/The_Ridge%2C_Shimla.jpg|https://upload.wikimedia.org/wikipedia/commons/8/8c/Shimla_City_View.jpg|https://upload.wikimedia.org/wikipedia/commons/4/4e/Shimla_Mall_Road.jpg
cmpy1llkp000w04l55elskmi3,Jakhu Temple,Shimla,Himachal Pradesh,1,https://upload.wikimedia.org/wikipedia/commons/1/1a/The_Ridge%2C_Shimla.jpg
cmptwukx8000005l1oabrn2bo,Shimla,Shimla,Himachal Pradesh,2,https://upload.wikimedia.org/wikipedia/commons/b/ba/Landscape_of_Shimla_%2C_Himachal_Pradesh.jpg|https://upload.wikimedia.org/wikipedia/commons/f/fd/Christ_Church%2C_Shimla.jpg
cmpy1k71t000804l5ge08s4vg,Shimla Mall Road,Shimla,Himachal Pradesh,5,https://upload.wikimedia.org/wikipedia/commons/0/02/Bird_eye_View_of_Mall_Road_%28Shimla%29.jpg|https://upload.wikimedia.org/wikipedia/commons/f/fd/Christ_Church%2C_Shimla.jpg|https://upload.wikimedia.org/wikipedia/commons/4/4e/Shimla_Mall_Road.jpg|https://upload.wikimedia.org/wikipedia/commons/8/8c/Shimla_City_View.jpg|https://upload.wikimedia.org/wikipedia/commons/1/1a/The_Ridge%2C_Shimla.jpg
cmpy1ks8o000k04l5sjl8242i,Atal Tunnel Sissu,Sissu,Himachal Pradesh,1,https://upload.wikimedia.org/wikipedia/commons/d/d2/Atal_Tunnel_vrtmrgmpksk_%282%29.jpg
cmpy1ktuf000o04l5dxohzjoq,Tabo Monastery,Tabo,Himachal Pradesh,2,https://upload.wikimedia.org/wikipedia/commons/3/3b/Tabo_Monastery.jpg|https://upload.wikimedia.org/wikipedia/commons/2/2a/Key_Monastery_Spiti.jpg
cmpy1kt5n000m04l54jps5r42,Tosh,Tosh,Himachal Pradesh,1,https://upload.wikimedia.org/wikipedia/commons/9/9e/Kasol_Parvati_valley.jpg
cmpuzrmhq000a04l2uo22mh07,Doodhpathri,Budgam,Jammu and Kashmir,4,https://upload.wikimedia.org/wikipedia/commons/f/f2/Doodhpathri_-_A_dirt_road_goes_through_the_many_meadows_southwest_Jammu_Kashmir_India.jpg|https://upload.wikimedia.org/wikipedia/commons/c/cb/Doodhpathri_-_pony_riding_across_the_meadows_southwest_Jammu_Kashmir_India.jpg|https://upload.wikimedia.org/wikipedia/commons/4/43/Meadows_and_Forests_Doodhpathri_southwest_Jammu_Kashmir_India.jpg|https://upload.wikimedia.org/wikipedia/commons/a/ae/A_bench_with_scenic_view_Doodhpathri_southwest_Jammu_Kashmir_India.jpg
cmpy28v4v002f04l5gzdnqgty,Yusmarg,Budgam,Jammu and Kashmir,0,
cmpy29adk002k04l5gckawv9b,Nubra Valley Diskit Monastery,Diskit,Jammu and Kashmir,2,https://upload.wikimedia.org/wikipedia/commons/9/9e/Nubra_Valley.jpg|https://upload.wikimedia.org/wikipedia/commons/3/3a/Diskit_Gompa.jpg
cmpuzrlso000704l2xglzdix5,Gulmarg,Gulmarg,Jammu and Kashmir,5,https://upload.wikimedia.org/wikipedia/commons/c/c3/Green_meadows_of_Gulmarg.jpg|https://upload.wikimedia.org/wikipedia/commons/2/29/Gulmarg_hill_Station.jpg|https://upload.wikimedia.org/wikipedia/commons/8/87/Gulmarg_%2C_Jammu_%26_Kashmir.jpg|https://upload.wikimedia.org/wikipedia/commons/f/fd/APARAWAT%2C_PHASE_2%2C_GONDOLA%2C_HIMALAYAS%2C_GULMARG%2C_KASHMIR_2.jpg|https://upload.wikimedia.org/wikipedia/commons/b/b8/APARAWAT%2C_PHASE_2%2C_GONDOLA%2C_HIMALAYAS%2C_GULMARG%2C_KASHMIR.jpg
cmpy299wr002i04l58b7q4pt2,Leh Palace,Leh,Jammu and Kashmir,3,https://upload.wikimedia.org/wikipedia/commons/3/3e/Leh_Palace_2012.jpg|https://upload.wikimedia.org/wikipedia/commons/8/8f/Leh_palace_and_the_city.jpg|https://upload.wikimedia.org/wikipedia/commons/2/2d/Leh_Palace_Ladakh.jpg
cmpy298lx002h04l5usrtgzpe,Aru Valley,Pahalgam,Jammu and Kashmir,4,https://upload.wikimedia.org/wikipedia/commons/0/04/A_view_of_Pahalgam_valley.jpg|https://upload.wikimedia.org/wikipedia/commons/1/15/Autumn_weather_in_pahalgam_kashmir_valley.jpg|https://upload.wikimedia.org/wikipedia/commons/1/19/Betaab_Valley_Pahalgam.jpg|https://upload.wikimedia.org/wikipedia/commons/4/42/Betaab_Valley%2C_Pahalgam%2C_Kashmir.jpg
cmpy28unt002e04l5wgh170l0,Betaab Valley,Pahalgam,Jammu and Kashmir,5,https://upload.wikimedia.org/wikipedia/commons/9/9e/A_natural_view_of_Pahalgam_in_morning.jpg|https://upload.wikimedia.org/wikipedia/commons/0/04/A_view_of_Pahalgam_valley.jpg|https://upload.wikimedia.org/wikipedia/commons/1/15/Autumn_weather_in_pahalgam_kashmir_valley.jpg|https://upload.wikimedia.org/wikipedia/commons/1/19/Betaab_Valley_Pahalgam.jpg|https://upload.wikimedia.org/wikipedia/commons/4/42/Betaab_Valley%2C_Pahalgam%2C_Kashmir.jpg
cmpuzrm11000804l294w4ll6v,Pahalgam,Pahalgam,Jammu and Kashmir,5,https://upload.wikimedia.org/wikipedia/commons/9/9e/A_natural_view_of_Pahalgam_in_morning.jpg|https://upload.wikimedia.org/wikipedia/commons/0/04/A_view_of_Pahalgam_valley.jpg|https://upload.wikimedia.org/wikipedia/commons/1/15/Autumn_weather_in_pahalgam_kashmir_valley.jpg|https://upload.wikimedia.org/wikipedia/commons/1/19/Betaab_Valley_Pahalgam.jpg|https://upload.wikimedia.org/wikipedia/commons/4/42/Betaab_Valley%2C_Pahalgam%2C_Kashmir.jpg
cmpy29a56002j04l548yfdxb9,Pangong Lake,Pangong,Jammu and Kashmir,4,https://upload.wikimedia.org/wikipedia/commons/1/1d/Pangong_Lake.jpg|https://upload.wikimedia.org/wikipedia/commons/8/8e/Pangong_Tso_Ladakh.jpg|https://upload.wikimedia.org/wikipedia/commons/4/4c/Pangong_lake.jpg|https://upload.wikimedia.org/wikipedia/commons/7/7c/A_Boatman_in_Dal_Lake%2C_Srinagar.jpg
cmpuzrm9e000904l217by8k9n,Sonamarg,Sonamarg,Jammu and Kashmir,3,https://upload.wikimedia.org/wikipedia/commons/d/d0/Sonamarg-_Meadow_of_Gold.jpg|https://upload.wikimedia.org/wikipedia/commons/8/89/Sonamarg%2C_jammu_and_kashmir.jpg|https://upload.wikimedia.org/wikipedia/commons/b/bc/Thajiwas_Park%2C_Sonamarg%2C_Jammu_and_Kashmir%2C_India.jpg
cmpuzrlkb000604l214gvw6oo,Char Chinar,Srinagar,Jammu and Kashmir,5,https://upload.wikimedia.org/wikipedia/commons/4/47/Char_Chinar_%28viewed_from_Lake%29.jpg|https://upload.wikimedia.org/wikipedia/commons/1/18/Char_Chinar_-_panoramio.jpg|https://upload.wikimedia.org/wikipedia/commons/8/8b/Char_Chinar_at_Dal_Lake_1.jpg|https://upload.wikimedia.org/wikipedia/commons/e/e6/Char_Chinar_at_Dal_Lake_2.jpg|https://upload.wikimedia.org/wikipedia/commons/d/d1/Char_Chinar_at_Dal_Lake_3.jpg
cmpuzrk5n000004l2mwlbtm3n,Dal Lake,Srinagar,Jammu and Kashmir,5,https://upload.wikimedia.org/wikipedia/commons/7/7c/A_Boatman_in_Dal_Lake%2C_Srinagar.jpg|https://upload.wikimedia.org/wikipedia/commons/1/14/Boat_on_Dal_Lake%2C_Srinagar.jpg|https://upload.wikimedia.org/wikipedia/commons/c/c0/Boats_at_Dal_Lake%2C_Srinagar.jpg|https://upload.wikimedia.org/wikipedia/commons/6/66/Boats_on_Dal_Lake%2C_Srinagar_during_Sunset.jpg|https://upload.wikimedia.org/wikipedia/commons/d/d1/Char_Chinar_at_Dal_Lake_3.jpg
cmpy297we002g04l5izz1x1y2,Indira Gandhi Memorial Tulip Garden,Srinagar,Jammu and Kashmir,5,https://upload.wikimedia.org/wikipedia/commons/e/e1/Flowers_in_Nishat_Bagh_%28Srinagar%29.jpg|https://upload.wikimedia.org/wikipedia/commons/a/a8/India_-_Srinagar_-_023_-_Nishat_Bagh_Mughal_Gardens.jpg|https://upload.wikimedia.org/wikipedia/commons/c/c8/India_-_Srinagar_-_026_-_flowers_at_Nishat_Bagh_Mughal_Gardens_%283919402718%29.jpg|https://upload.wikimedia.org/wikipedia/commons/6/6b/India_-_Srinagar_-_030_-_fountains_at_Nishat_Bagh_Mughal_Gardens.jpg|https://upload.wikimedia.org/wikipedia/commons/8/8f/India_-_Srinagar_-_032_-_sunset_at_Nishat_Bagh_Mughal_Gardens_HDR.jpg
cmpuzrkmv000204l232vnkj3z,Nishat Bagh,Srinagar,Jammu and Kashmir,5,https://upload.wikimedia.org/wikipedia/commons/e/e1/Flowers_in_Nishat_Bagh_%28Srinagar%29.jpg|https://upload.wikimedia.org/wikipedia/commons/a/a8/India_-_Srinagar_-_023_-_Nishat_Bagh_Mughal_Gardens.jpg|https://upload.wikimedia.org/wikipedia/commons/c/c8/India_-_Srinagar_-_026_-_flowers_at_Nishat_Bagh_Mughal_Gardens_%283919402718%29.jpg|https://upload.wikimedia.org/wikipedia/commons/6/6b/India_-_Srinagar_-_030_-_fountains_at_Nishat_Bagh_Mughal_Gardens.jpg|https://upload.wikimedia.org/wikipedia/commons/8/8f/India_-_Srinagar_-_032_-_sunset_at_Nishat_Bagh_Mughal_Gardens_HDR.jpg
cmpv0nqqb000d04lel989i5jv,Agumbe,Agumbe,Karnataka,3,https://upload.wikimedia.org/wikipedia/commons/4/43/View_from_sunset_point%2C_Agumbe_%2816017939927%29.jpg|https://upload.wikimedia.org/wikipedia/commons/8/8d/Tropical_rainforest_Agumbe.jpg|https://upload.wikimedia.org/wikipedia/commons/e/ef/Sunset_Silence_Over_Agumbe_Hills.jpg
cmpxzg9a8000604jryxipbgdh,Muthyala Maduvu,Anekal,Karnataka,2,https://upload.wikimedia.org/wikipedia/commons/9/94/Muthyalamaduvu1.jpg|https://upload.wikimedia.org/wikipedia/commons/6/68/Muthyalamaduvu2.jpg
cmpxzp4ki000504kyacwsv6o2,Mullayanagiri,Chikkamagaluru,Karnataka,1,https://upload.wikimedia.org/wikipedia/commons/4/4f/Mullayanagiri_hills_near_Chikamagalur.png
cmpxzwzte000104l7edddvnsn,Chikmagalur,Chikmagalur,Karnataka,2,https://upload.wikimedia.org/wikipedia/commons/d/db/Chikmagalur%2C_India._%287793316622%29.jpg|https://upload.wikimedia.org/wikipedia/commons/9/97/Court_Road%2C_Chikmagalur..jpg
cmpxzx394000d04l7o56gqkm1,Mullayanagiri,Chikmagalur,Karnataka,1,https://upload.wikimedia.org/wikipedia/commons/4/4f/Mullayanagiri_hills_near_Chikamagalur.png
cmpxzp2zs000204ky1xvllwxz,Hebbe Falls,Kemmangundi,Karnataka,5,https://upload.wikimedia.org/wikipedia/commons/6/68/Hebbe_Falls.jpg|https://upload.wikimedia.org/wikipedia/commons/a/a0/Hebbe_Falls_in_Kemmangundi_coffee_estate_India.jpg|https://upload.wikimedia.org/wikipedia/commons/f/f2/Hebbe_falls_in_Kemmangundi_Karnataka_India.jpg|https://upload.wikimedia.org/wikipedia/commons/8/87/Hebbe_Falls_Chikmagalur_India.jpg|https://upload.wikimedia.org/wikipedia/commons/3/3a/Hebbe_Falls.jpg
cmpxzp4t4000604ky5nvcgvxs,Kemmangundi,Kemmangundi,Karnataka,5,https://upload.wikimedia.org/wikipedia/commons/d/d0/..._view_from_Kemmangundi_%2830311041773%29.jpg|https://upload.wikimedia.org/wikipedia/commons/2/2e/..._view_from_Kemmangundi_%2830311054433%29.jpg|https://upload.wikimedia.org/wikipedia/commons/0/00/A_view_of_clouds_mountains_and_rural_life_Kemmangundi_Karnataka_India_2014.jpg|https://upload.wikimedia.org/wikipedia/commons/5/5e/Hills_outside_Kemmangundi.jpg|https://upload.wikimedia.org/wikipedia/commons/8/85/Kemmanagundi_Hill_Station_-_panoramio.jpg
cmpxzp51r000704kyt9ccj0lv,Iruppu Falls,Kutta,Karnataka,4,https://upload.wikimedia.org/wikipedia/commons/8/8f/Abbey_Falls.jpg|https://upload.wikimedia.org/wikipedia/commons/4/4a/Mallalli_Falls.jpg|https://upload.wikimedia.org/wikipedia/commons/9/9c/Jog_Falls.jpg|https://upload.wikimedia.org/wikipedia/commons/3/3a/Hebbe_Falls.jpg
cmpxzp2r7000104ky3wba3v4w,Abbey Falls,Madikeri,Karnataka,5,https://upload.wikimedia.org/wikipedia/commons/3/36/Abby_Falls_at_its_best_during_Monsoon.jpg|https://upload.wikimedia.org/wikipedia/commons/b/b0/A_hanging_bridge_constructed_to_enjoy_the_view_of_Abbey_Falls%2C_Madikeri_%28Panorama%29.jpg|https://upload.wikimedia.org/wikipedia/commons/5/5d/1632_px_-_Abbey_Falls_India.JPG|https://upload.wikimedia.org/wikipedia/commons/4/45/ABBEY_FALLS_MADIKERI.jpg|https://upload.wikimedia.org/wikipedia/commons/a/a3/Abbey_Fall%2C_Madikeri_%281%29.jpg
cmpxzwzku000004l7989bdsf0,Coorg Madikeri,Madikeri,Karnataka,3,https://upload.wikimedia.org/wikipedia/commons/a/ab/Golden_Temple%2C%2C_Namdroling_Monastery%2C_Coorg_District%2C_Karnataka.jpg|https://upload.wikimedia.org/wikipedia/commons/7/7f/Omkareshwara_Temple%2C_Madikeri%2C_Kodagu_%28Coorg%29%2C_Karnataka%2C_India.jpg|https://upload.wikimedia.org/wikipedia/commons/3/3d/Omkareshwara_Temple%2C_Madikeri%2C_Kodagu_%28Coorg%29%2C_Karnataka.jpg
cmpxzg8k8000304jrg9qnlux1,Mekedatu,Mekedatu,Karnataka,5,https://upload.wikimedia.org/wikipedia/commons/b/b0/Sangam-Mekedatu_bangalore_river.jpg|https://upload.wikimedia.org/wikipedia/commons/9/9a/Sangam-Mekedatu_bangalore_river_with_hill_nature_beauty.jpg|https://upload.wikimedia.org/wikipedia/commons/e/ee/Sangam-Mekedatu_bangalore_hill_near_river.jpg|https://upload.wikimedia.org/wikipedia/commons/e/ef/Sangam-Mekedatu_bangalore_hill.jpg|https://upload.wikimedia.org/wikipedia/commons/1/11/Sangam-Mekedatu_bangalore.jpg
cmpxzgayv000c04jrlbkcvekj,Sangama,Sangama,Karnataka,2,https://upload.wikimedia.org/wikipedia/commons/5/54/Mekedatu_in_summer_2012.jpg|https://upload.wikimedia.org/wikipedia/commons/f/f7/Tip_of_Mekedatu.jpg
cmpxzgbp1000e04jrodn78hs3,Thottikallu Falls,Thottikallu,Karnataka,3,https://upload.wikimedia.org/wikipedia/commons/5/59/Thottikallu_falls.jpg|https://upload.wikimedia.org/wikipedia/commons/0/05/WV_banner_Central_Karnataka_Thottikallu_falls.jpg|https://upload.wikimedia.org/wikipedia/commons/f/f0/Muneeshwara_Swamy_Shrine_near_Thottikallu_falls.jpg
cmpuw5r0u000a04l1rv92f5qr,Alappuzha Backwaters,Alappuzha,Kerala,5,https://upload.wikimedia.org/wikipedia/commons/2/2b/Alappuzha_Backwaters%2C_Kerala%2CIndia.jpg|https://upload.wikimedia.org/wikipedia/commons/5/50/Alleppey_backwaters_view_%2C_Kerala_%2C_India_05.jpg|https://upload.wikimedia.org/wikipedia/commons/1/11/Alleppey_backwaters_view_%2C_woman_washing_clothes_in_backwaters_%2CKerala_%2C_India_12.jpg|https://upload.wikimedia.org/wikipedia/commons/e/e0/Around_Alappuzha_backwaters_Kerala.jpg|https://upload.wikimedia.org/wikipedia/commons/9/99/Backwaters_of_Alappuzha_%284608651360%29.jpg
cmpuw5pls000404l1wl7edvam,Athirappilly Waterfalls,Athirappilly,Kerala,4,https://upload.wikimedia.org/wikipedia/commons/e/e3/Athirappalli_Waterfalls%2C_Thrissur%2C_Kerala.jpg|https://upload.wikimedia.org/wikipedia/commons/b/b3/Athirappilly_Water_Falls_in_Kerala.jpg|https://upload.wikimedia.org/wikipedia/commons/d/d5/Athirappilly_Water_falls_Top_View.jpg|https://upload.wikimedia.org/wikipedia/commons/c/c6/Athirappilly_Waterfalls_July_2022_P01.jpg
cmpuw5pua000504l1gecmev6e,Vazhachal Falls,Athirappilly,Kerala,4,https://upload.wikimedia.org/wikipedia/commons/c/cb/Chalakudy_river_%40_Vazhachal_-_panoramio.jpg|https://upload.wikimedia.org/wikipedia/commons/1/14/Entrance_of_Vazachal_Water_Falls%2C_Vazachal_Medicinal_Garden_01.jpg|https://upload.wikimedia.org/wikipedia/commons/9/9e/Entrance_to_vazhachal_waterfall_IMAG1973.jpg|https://upload.wikimedia.org/wikipedia/commons/e/ef/Snap_from_Vazhachal_0555.JPG
cmpuw5pda000304l1btm4b20p,Guruvayur Sree Krishna Temple,Guruvayur,Kerala,4,https://upload.wikimedia.org/wikipedia/commons/0/04/009392022_Guruvayur_temple%2C_Kerala_004.jpg|https://upload.wikimedia.org/wikipedia/commons/6/62/009392022_Guruvayur_temple%2C_Kerala_024.jpg|https://upload.wikimedia.org/wikipedia/commons/f/fe/009392022_Guruvayur_temple%2C_Kerala_037.jpg|https://upload.wikimedia.org/wikipedia/commons/4/46/009392022_Guruvayur_temple%2C_Kerala_057.jpg
cmpy0wqme000d04jotfsb62nc,Guruvayur Temple,Guruvayur,Kerala,5,https://upload.wikimedia.org/wikipedia/commons/0/04/009392022_Guruvayur_temple%2C_Kerala_004.jpg|https://upload.wikimedia.org/wikipedia/commons/6/62/009392022_Guruvayur_temple%2C_Kerala_024.jpg|https://upload.wikimedia.org/wikipedia/commons/f/fe/009392022_Guruvayur_temple%2C_Kerala_037.jpg|https://upload.wikimedia.org/wikipedia/commons/4/46/009392022_Guruvayur_temple%2C_Kerala_057.jpg|https://upload.wikimedia.org/wikipedia/commons/8/88/Board_depicting_non-hindus_are_not_allowed_inside_Guruvayur_Temple.jpg
cmpuw5onp000004l1k0oubqan,Edakkal Caves,Kalpetta,Kerala,5,https://upload.wikimedia.org/wikipedia/commons/b/b3/Edakkal_Caves_-_Interior.jpg|https://upload.wikimedia.org/wikipedia/commons/e/e1/Edakkal_Caves_-_Petroglyphs_-_1.jpg|https://upload.wikimedia.org/wikipedia/commons/c/ce/Edakkal_Caves_-_Petroglyphs_-_10.jpg|https://upload.wikimedia.org/wikipedia/commons/4/4b/Edakkal_Caves_-_Petroglyphs_-_2.jpg|https://upload.wikimedia.org/wikipedia/commons/d/d2/Edakkal_Caves_-_Petroglyphs_-_4.jpg
cmpy0vdah000704jo1cucafe8,Meenmutty Falls,Kalpetta,Kerala,4,https://upload.wikimedia.org/wikipedia/commons/0/09/SOOCHIPPARA_WATERFALLS-WAYANAD.jpg|https://upload.wikimedia.org/wikipedia/commons/6/68/Soochipara_Falls%2C_Wayanad_Kerala%2C_2013.jpeg|https://upload.wikimedia.org/wikipedia/commons/f/fd/Soochipara_Falls%2C_Wayanad_Kerala%2C_2013_%28Landscape%29.jpeg|https://upload.wikimedia.org/wikipedia/commons/2/26/Soochipara_Waterfalls%2C_Wayanad_-_panoramio.jpg
cmpuw5owa000104l1ztf7ymhx,Soochipara Falls,Kalpetta,Kerala,5,https://upload.wikimedia.org/wikipedia/commons/0/09/SOOCHIPPARA_WATERFALLS-WAYANAD.jpg|https://upload.wikimedia.org/wikipedia/commons/0/06/Soochipara.jpg|https://upload.wikimedia.org/wikipedia/commons/6/68/Soochipara_Falls%2C_Wayanad_Kerala%2C_2013.jpeg|https://upload.wikimedia.org/wikipedia/commons/f/fd/Soochipara_Falls%2C_Wayanad_Kerala%2C_2013_%28Landscape%29.jpeg|https://upload.wikimedia.org/wikipedia/commons/2/26/Soochipara_Waterfalls%2C_Wayanad_-_panoramio.jpg
cmpy0veqh000904jo421ziqhy,Ashtamudi Lake,Kollam,Kerala,5,https://upload.wikimedia.org/wikipedia/commons/8/8b/A_top_view_of_Ashtamudi_backwaters.jpg|https://upload.wikimedia.org/wikipedia/commons/d/dd/Ashtamudi-lake.jpg|https://upload.wikimedia.org/wikipedia/commons/f/f0/Ashtamudi_Kerala.jpg|https://upload.wikimedia.org/wikipedia/commons/e/e6/Ashtamudi_Lake.jpg|https://upload.wikimedia.org/wikipedia/commons/0/04/Ashtamudi_Lake_3.jpg
cmpv0ns48000j04leajlwdmlk,Illikkal Kallu,Kottayam,Kerala,4,https://upload.wikimedia.org/wikipedia/commons/d/d1/Illikkal_Kallu_%28%E0%B4%87%E0%B4%B2%E0%B5%8D%E0%B4%B2%E0%B4%BF%E0%B4%95%E0%B5%8D%E0%B4%95%E0%B5%BD_%E0%B4%95%E0%B4%B2%E0%B5%8D%E0%B4%B2%E0%B5%8D_%29.jpg|https://upload.wikimedia.org/wikipedia/commons/4/41/Illikkal_Kallu%2C_Kottayam%2C_Kerala.jpg|https://upload.wikimedia.org/wikipedia/commons/3/3a/The_beauty_of_nature_near_Illikkal_kallu_01.jpg|https://upload.wikimedia.org/wikipedia/commons/1/13/The_beauty_of_nature_near_Illikkal_kallu_02.jpg
cmpuw5ryu000e04l13e8b9vb8,Munnar,Munnar,Kerala,5,https://upload.wikimedia.org/wikipedia/commons/0/01/Munnar_-_Lockhart_tea_plantation.jpg|https://upload.wikimedia.org/wikipedia/commons/0/09/Munnar_-_Tea_Plantations.jpg|https://upload.wikimedia.org/wikipedia/commons/c/c7/Munnar_Tea_Farms-_view_of_elephants_grazing_01.jpg|https://upload.wikimedia.org/wikipedia/commons/d/d6/Munnar_Tea_Farms-_view_of_elephants_grazing_02.jpg|https://upload.wikimedia.org/wikipedia/commons/7/76/Munnar_Tea_Farms-_view_of_elephants_grazing_03.jpg
cmpppyeni000b04l2dbgts0ba,Munnar Tea Plantations,Munnar,Kerala,1,https://upload.wikimedia.org/wikipedia/commons/0/09/Munnar_-_Tea_Plantations.jpg
cmpy0vzcf000a04jot88nqq56,Banasura Sagar Dam,Padinjarathara,Kerala,5,https://upload.wikimedia.org/wikipedia/commons/3/36/A_typical_view_of_Banasura_Dam.JPG|https://upload.wikimedia.org/wikipedia/commons/9/99/Banasura_Dam3.jpg|https://upload.wikimedia.org/wikipedia/commons/a/a5/Banasurasagar-Spillway.jpg|https://upload.wikimedia.org/wikipedia/commons/f/f0/Banasurasagar_Main_Dam.jpg|https://upload.wikimedia.org/wikipedia/commons/1/12/Banasurasagar_dam1%28wayanad%29.jpg
cmpy0w0wv000b04jo35ajhhfc,Illikkal Kallu,Teekoy,Kerala,4,https://upload.wikimedia.org/wikipedia/commons/d/d1/Illikkal_Kallu_%28%E0%B4%87%E0%B4%B2%E0%B5%8D%E0%B4%B2%E0%B4%BF%E0%B4%95%E0%B5%8D%E0%B4%95%E0%B5%BD_%E0%B4%95%E0%B4%B2%E0%B5%8D%E0%B4%B2%E0%B5%8D_%29.jpg|https://upload.wikimedia.org/wikipedia/commons/4/41/Illikkal_Kallu%2C_Kottayam%2C_Kerala.jpg|https://upload.wikimedia.org/wikipedia/commons/3/3a/The_beauty_of_nature_near_Illikkal_kallu_01.jpg|https://upload.wikimedia.org/wikipedia/commons/1/13/The_beauty_of_nature_near_Illikkal_kallu_02.jpg
cmpy0w15g000c04jo969ivo2d,Thenmala,Thenmala,Kerala,3,https://upload.wikimedia.org/wikipedia/commons/5/5e/Thenmala_boating.jpg|https://upload.wikimedia.org/wikipedia/commons/4/4f/Reservoir_of_Thenmala_Dam%2C_Kollam.jpg|https://upload.wikimedia.org/wikipedia/commons/9/9e/Statue_at_Thenmala_Leisure_Zone_04.jpg
cmpy0vdj4000804jod3wkmo8m,Thommankuthu,Thodupuzha,Kerala,1,https://upload.wikimedia.org/wikipedia/commons/3/31/Thommankuthu_waterfalls.jpg
cmpppyg3i000h04l2e82e9gs3,Edakkal Caves,Wayanad,Kerala,1,https://upload.wikimedia.org/wikipedia/commons/b/b3/Edakkal_Caves_-_Interior.jpg
cmpy09dah001j04kynuq2s549,Igatpuri,Igatpuri,Maharashtra,1,https://upload.wikimedia.org/wikipedia/commons/e/e6/Igatpuri_waterfall.jpg
cmpy1cxhm000404l56hzuwsjz,Karjat,Karjat,Maharashtra,0,
cmpy1bev3000104l5fpzpwwio,Karnala Bird Sanctuary,Karnala,Maharashtra,4,https://upload.wikimedia.org/wikipedia/commons/3/35/KarnalaWS.jpg|https://upload.wikimedia.org/wikipedia/commons/9/9e/Karnala_006.jpg|https://upload.wikimedia.org/wikipedia/commons/6/6e/Karnala_bird_santuary_1.jpg|https://upload.wikimedia.org/wikipedia/commons/5/5a/Karnala_bird_santuary_2.jpg
cmpy02qrk000t04kyxb9wrwnq,Khandala,Khandala,Maharashtra,3,https://upload.wikimedia.org/wikipedia/commons/1/11/%27The_Bhor_Ghat%2C_Gradient_of_the_Railway_Near_Khandala%2C_India%27%2C_wood_engraving_from_1884.jpg|https://upload.wikimedia.org/wikipedia/commons/c/c8/..._a_view_from_Khandala_%283625008608%29.jpg|https://upload.wikimedia.org/wikipedia/commons/6/67/A_Resort_near_Khandala_Point_at_Matheran_Hill_Station_-_panoramio.jpg
cmpy1bee9000004l5fnzm5pl7,Bhushi Dam,Lonavala,Maharashtra,5,https://upload.wikimedia.org/wikipedia/commons/9/9d/Bhushi_Dam.JPG|https://upload.wikimedia.org/wikipedia/commons/8/8f/Lonavala_hill_station.jpg|https://upload.wikimedia.org/wikipedia/commons/9/9a/Lonavala_valley.jpg|https://upload.wikimedia.org/wikipedia/commons/1/1a/Lonavala_monsoon_view.jpg|https://upload.wikimedia.org/wikipedia/commons/4/4b/Lonavala_tiger_point.jpg
cmpy02qah000r04ky273qsvrj,Lonavala,Lonavala,Maharashtra,5,https://upload.wikimedia.org/wikipedia/commons/8/8f/Lonavala_hill_station.jpg|https://upload.wikimedia.org/wikipedia/commons/9/9a/Lonavala_valley.jpg|https://upload.wikimedia.org/wikipedia/commons/1/1a/Lonavala_monsoon_view.jpg|https://upload.wikimedia.org/wikipedia/commons/4/4b/Lonavala_tiger_point.jpg|https://upload.wikimedia.org/wikipedia/commons/6/6e/Lonavala_western_ghats.jpg
cmpmp7d1v000t04jysyjcv4p9,Lonavala Tiger Point,Lonavala,Maharashtra,0,
cmpy02pt6000p04kyqcqvhipt,Mahabaleshwar,Mahabaleshwar,Maharashtra,3,https://upload.wikimedia.org/wikipedia/commons/7/78/Mahabaleshwar%2C_view_point.jpg|https://upload.wikimedia.org/wikipedia/commons/6/6d/Mahabaleshwar_-_Needle-hole_Point_%285769812159%29.jpg|https://upload.wikimedia.org/wikipedia/commons/b/b1/Mahabaleshwar_-_Panchghani_%285769484311%29.jpg
cmpy02qj0000s04kybne05n9e,Matheran,Matheran,Maharashtra,4,https://upload.wikimedia.org/wikipedia/commons/e/ee/551%2C_Matheran_Hill_Railway_%282533318533%29.jpg|https://upload.wikimedia.org/wikipedia/commons/6/67/A_Resort_near_Khandala_Point_at_Matheran_Hill_Station_-_panoramio.jpg|https://upload.wikimedia.org/wikipedia/commons/b/b3/HILLS_SEEN_ON_THE_WAY_TO_MATHERAN_-_panoramio.jpg|https://upload.wikimedia.org/wikipedia/commons/4/4c/India_-_Matheran_-_14_-_Climbing_to_the_hill_station_of_Matheran_%282798639503%29.jpg
cmpuycqer000804i9em433ddf,Global Vipassana Pagoda,Mumbai,Maharashtra,3,https://upload.wikimedia.org/wikipedia/commons/f/f2/Ceiling_of_Global_Vipassana_Pagoda.jpg|https://upload.wikimedia.org/wikipedia/commons/1/1e/Global_Vipassana_Pagoda_main_pillar.jpg|https://upload.wikimedia.org/wikipedia/commons/1/12/Mumabi_Pagoda_Temple.jpg
cmpy1bfom000204l58lvldmo6,Gorai Beach,Mumbai,Maharashtra,0,
cmpuycqve000a04i9krux4y9h,Hanging Gardens,Mumbai,Maharashtra,3,https://upload.wikimedia.org/wikipedia/commons/c/c1/Hanging_Gardens%2C_Mumbai%2C_2009.JPG|https://upload.wikimedia.org/wikipedia/commons/4/4f/Hanging_Gardens_Malabar_Hill.jpg|https://upload.wikimedia.org/wikipedia/commons/a/ab/Jackfruit_tree_Malabar_hills_Hanging_gardens_Mumbai.jpg
cmpmp7bm3000n04jyejdumhrp,Marine Drive,Mumbai,Maharashtra,3,https://upload.wikimedia.org/wikipedia/commons/1/13/Marine_Drive_in_evening.JPG|https://upload.wikimedia.org/wikipedia/commons/9/9d/Marine_Lines%2C_Mumbai.jpg|https://upload.wikimedia.org/wikipedia/commons/0/0a/Marine_drive_evening.jpg
cmpuycp0t000204i9iqe4mb54,Sanjay Gandhi National Park,Mumbai,Maharashtra,1,https://upload.wikimedia.org/wikipedia/commons/0/08/Aerial_view_near_Sanjay_Gandhi_National_Park%2C_Mumbai%2C_Maharastra%2C_India_%282008%29.jpg
cmpy02q1x000q04kynzh1hh01,Panchgani,Panchgani,Maharashtra,3,https://upload.wikimedia.org/wikipedia/commons/1/1a/Table_Top_View_from_Panchgani_Pune.jpg|https://upload.wikimedia.org/wikipedia/commons/9/93/View_from_the_Table_land.jpg|https://upload.wikimedia.org/wikipedia/commons/3/3e/Food_stall%2C_Table_Land%2C_Panchgani.jpg
cmpty4fni000804kyaxbbb0hf,Madras High Court,Chennai,Tamil Nadu,3,https://upload.wikimedia.org/wikipedia/commons/6/62/Chennai_High_Court.jpg|https://upload.wikimedia.org/wikipedia/commons/c/c9/A_building_in_Chennai.JPG|https://upload.wikimedia.org/wikipedia/commons/d/d9/Chennai_-_bird%27s-eye_view.jpg
cmpmp7dj3000v04jyovmpmi2v,Marina Beach,Chennai,Tamil Nadu,3,https://upload.wikimedia.org/wikipedia/commons/d/d9/Chennai_-_bird%27s-eye_view.jpg|https://upload.wikimedia.org/wikipedia/commons/e/e0/06Marina_Madras.jpg|https://upload.wikimedia.org/wikipedia/commons/c/c1/Marina_Beach%2C_Chennai.jpg
cmpy0dtjk001o04kyw66s7a59,Basar Saraswati Temple,Basar,Telangana,5,https://upload.wikimedia.org/wikipedia/commons/7/78/Basara-ghat.jpg|https://upload.wikimedia.org/wikipedia/commons/d/de/Basara_Saraswathi_Temple_India.jpg|https://upload.wikimedia.org/wikipedia/commons/f/f5/Basara_Temple_view.jpg|https://upload.wikimedia.org/wikipedia/commons/8/89/Basar_Temple_view_02.jpg|https://upload.wikimedia.org/wikipedia/commons/f/fa/A_scene_in_the_temple_at_basara.JPG
cmpy0dvam001v04kyw3tzq8di,Bhadrachalam Temple,Bhadrachalam,Telangana,1,https://upload.wikimedia.org/wikipedia/commons/d/de/Basara_Saraswathi_Temple_India.jpg
cmpy0du0d001q04kyjsrq75qz,Pochera Waterfalls,Boath,Telangana,5,https://upload.wikimedia.org/wikipedia/commons/8/8a/Pochera_waterfall_Telangana.jpg|https://upload.wikimedia.org/wikipedia/commons/1/10/Pochera_waterfall.jpg|https://upload.wikimedia.org/wikipedia/commons/c/cb/Pochera_waterfall_2.jpg|https://upload.wikimedia.org/wikipedia/commons/c/c0/Near_Pochera_waterfalls.jpg|https://upload.wikimedia.org/wikipedia/commons/a/aa/Kuntala-waterfalls1.jpg
cmpofs35y000105k0og6l8f7g,Thousand Pillar Temple,Hanamkonda,Telangana,5,https://upload.wikimedia.org/wikipedia/commons/8/8a/12th_century_Thousand_Pillar_temple%2C_Hanumkonda%2C_Telangana%2C_India_-_101.jpg|https://upload.wikimedia.org/wikipedia/commons/c/c8/Nandi_Thousand_Pillar_Temple_Warangal.jpg|https://upload.wikimedia.org/wikipedia/commons/9/95/Kakatiya_Kala_Thoranam%2C_Warangal_Fort.jpg|https://upload.wikimedia.org/wikipedia/commons/4/44/Bhadrakali_Temple%2C_Warangal.jpg|https://upload.wikimedia.org/wikipedia/commons/e/e5/Ramappa_Temple.png
cmppbe0gt000004l7wmzl5pa4,Charminar,Hyderabad,Telangana,5,https://upload.wikimedia.org/wikipedia/commons/f/fb/Charminar%2C_Hyderabad%2C_11-12-2022.jpg|https://upload.wikimedia.org/wikipedia/commons/9/91/Charminar%2C_Mecca_Masjid.jpg|https://upload.wikimedia.org/wikipedia/commons/7/7b/Charminar%2C_hyderabad_%2889594%29.jpg|https://upload.wikimedia.org/wikipedia/commons/4/40/Charminar-Hyderabad-Monument.jpg|https://upload.wikimedia.org/wikipedia/commons/d/d1/Charminar-Pride_of_Hyderabad.jpg
cmputcfky000404l1fa4f7dnk,Mecca Masjid,Hyderabad,Telangana,5,https://upload.wikimedia.org/wikipedia/commons/9/91/Charminar%2C_Mecca_Masjid.jpg|https://upload.wikimedia.org/wikipedia/commons/a/ac/Mecca_Masjid%2C_Hyderabad%2C_India.jpg|https://upload.wikimedia.org/wikipedia/commons/2/28/Mecca_Masjid_-_Hyderabad%2C_Telangana%2C_India.jpg|https://upload.wikimedia.org/wikipedia/commons/b/bb/Mecca_Masjid_Hyderabad.JPG|https://upload.wikimedia.org/wikipedia/commons/2/2d/Mecca_Masjid_in_Hyderabad_10.jpg
cmpy0du8r001r04kynoms3oue,Bogatha Waterfall,Koyaveerapuram,Telangana,4,https://upload.wikimedia.org/wikipedia/commons/5/59/Bogatha_Waterfall.jpg|https://upload.wikimedia.org/wikipedia/commons/c/c3/Bogatha_Waterfall_top_view.jpg|https://upload.wikimedia.org/wikipedia/commons/7/72/Bogatha_Waterfall_page_banner.jpg|https://upload.wikimedia.org/wikipedia/commons/5/54/Bogatha_Water_Falls.png
cmpy0dtry001p04kyo1k934gc,Kuntala Waterfall,Kuntala,Telangana,5,https://upload.wikimedia.org/wikipedia/commons/a/aa/Kuntala-waterfalls1.jpg|https://upload.wikimedia.org/wikipedia/commons/4/4f/Kuntala_waterfall.jpg|https://upload.wikimedia.org/wikipedia/commons/8/83/View_of_Valley_of_Kuntala_Waterfalls.jpg|https://upload.wikimedia.org/wikipedia/commons/1/19/Kuntala_waterfall_4.jpg|https://upload.wikimedia.org/wikipedia/commons/a/a1/Kuntalawaterfalls.jpg
cmpy0jiaq000004jo5ziwz2fb,Ethipothala Falls,Nagarjuna Sagar,Telangana,5,https://upload.wikimedia.org/wikipedia/commons/e/e7/Ethipothala_Waterfalls.JPG|https://upload.wikimedia.org/wikipedia/commons/9/9c/Ethipothala_Waterfalls_Landscape.JPG|https://upload.wikimedia.org/wikipedia/commons/6/64/Ethipothala_water_falls.JPG|https://upload.wikimedia.org/wikipedia/commons/4/40/Ethipothala_waterfall_2007.jpg|https://upload.wikimedia.org/wikipedia/commons/2/27/Ethipothala_waterfalls.jpg
cmpy0dv28001u04kyjyw77e4h,Nagarjuna Sagar Dam,Nagarjuna Sagar,Telangana,5,https://upload.wikimedia.org/wikipedia/commons/e/ed/Nagarjuna_sagar_dam..._2.JPG|https://upload.wikimedia.org/wikipedia/commons/2/20/Nagarjuna_Sagar_Dam.jpg|https://upload.wikimedia.org/wikipedia/commons/b/bc/Nagarjuna_Sagar_dam_with_all_Crest_gates_closed.jpg|https://upload.wikimedia.org/wikipedia/commons/3/38/Nagarjuna_Sagar_dam_with_all_Crest_gates_closed_%28Wide_angle%29.jpg|https://upload.wikimedia.org/wikipedia/commons/6/6a/Nagarjuna_Sagar_Interstate_bridge.jpg
cmpv0npkv000804levqwg92dd,Pakhal Lake,Pakhal,Telangana,5,https://upload.wikimedia.org/wikipedia/commons/8/88/Pakhal-Lake.jpg|https://upload.wikimedia.org/wikipedia/commons/c/ca/Pakhal_Lake_Telangana.jpg|https://upload.wikimedia.org/wikipedia/commons/4/44/Pakhal_lake.jpg|https://upload.wikimedia.org/wikipedia/commons/c/c7/Pakhal_lake_%28cropped%29.jpg|https://upload.wikimedia.org/wikipedia/commons/9/9c/Pakhal_lake_nice_view.jpg
cmpy0dslo001l04ky351azyoi,Ramappa Temple,Palampet,Telangana,5,https://upload.wikimedia.org/wikipedia/commons/e/e5/Ramappa_Temple.png|https://upload.wikimedia.org/wikipedia/commons/7/7b/Sculptures_of_Ramappa_Temple_in_Palampet%2C_Telangana_01.jpg|https://upload.wikimedia.org/wikipedia/commons/f/fd/Sculptures_of_Ramappa_Temple_in_Palampet%2C_Telangana_07.jpg|https://upload.wikimedia.org/wikipedia/commons/b/bd/Sculptures_of_Ramappa_Temple_in_Palampet%2C_Telangana_18.jpg|https://upload.wikimedia.org/wikipedia/commons/1/10/Sculptures_of_Ramappa_Temple_in_Palampet%2C_Telangana_03.jpg
cmpy0n7ow000604jom94ixbht,Sahastrakund Waterfalls,Sahastrakund,Telangana,2,https://upload.wikimedia.org/wikipedia/commons/f/f2/Sahastrakund-waterfall.jpg|https://upload.wikimedia.org/wikipedia/commons/a/aa/Kuntala-waterfalls1.jpg
cmpy0jjzb000404jo9boh2huu,Bheemuni Paadam Waterfalls,Seethanagaram,Telangana,1,https://upload.wikimedia.org/wikipedia/commons/3/32/Bheemuni_Paadam_Waterfalls.jpg
cmpy0dulf001s04kys0pftelc,Srisailam Temple,Srisailam,Telangana,5,https://upload.wikimedia.org/wikipedia/commons/4/4a/Entrance_of_Srisailam_temple.jpg|https://upload.wikimedia.org/wikipedia/commons/2/2d/APSS303_Srisailam_town_zoom_view_from_welcome_center2.jpg|https://upload.wikimedia.org/wikipedia/commons/d/d5/2025_Ghanta_Matham_temple_in_Srisailam.jpg|https://upload.wikimedia.org/wikipedia/commons/6/6c/A_Nataraja_relief_carved_on_Northern_wall_of_Srisailam_Temple.jpg|https://upload.wikimedia.org/wikipedia/commons/3/3c/Eshana_Lingam_and_Kumara_Lingam_temples_at_Ghanta_Matham_in_Srisailam.jpg
cmpy0dsu5001m04kyx71tp69n,Laknavaram Lake,Tadvai,Telangana,5,https://upload.wikimedia.org/wikipedia/commons/9/99/View_of_Laknavaram_lake%2C_from_suspension_bridge.jpg|https://upload.wikimedia.org/wikipedia/commons/c/c8/Laknavaram_hanging_bridge.jpg|https://upload.wikimedia.org/wikipedia/commons/8/88/Pakhal-Lake.jpg|https://upload.wikimedia.org/wikipedia/commons/c/ca/Pakhal_Lake_Telangana.jpg|https://upload.wikimedia.org/wikipedia/commons/9/9c/Pakhal_lake_nice_view.jpg
cmpofs3w1000405k0nui0sa8a,Laknavaram Lake,Warangal,Telangana,1,https://upload.wikimedia.org/wikipedia/commons/9/99/View_of_Laknavaram_lake%2C_from_suspension_bridge.jpg
cmpofs3nc000305k0o23k54gt,Ramappa Temple (Rudreshwara),Warangal,Telangana,1,https://upload.wikimedia.org/wikipedia/commons/e/e5/Ramappa_Temple.png
cmpy0dsd9001k04kyneferj11,Warangal Fort,Warangal,Telangana,5,https://upload.wikimedia.org/wikipedia/commons/9/95/Kakatiya_Kala_Thoranam%2C_Warangal_Fort.jpg|https://upload.wikimedia.org/wikipedia/commons/f/fc/Kakatiya_Kala_Thoranam_%28Warangal_Gate%29_and_Ruins.jpg|https://upload.wikimedia.org/wikipedia/commons/3/31/Warangal_fort.jpg|https://upload.wikimedia.org/wikipedia/commons/1/1b/Ruins_at_Warangal_Fort.jpg|https://upload.wikimedia.org/wikipedia/commons/7/7f/Kakatiya_Kala_Thoranam_09.jpg
cmpofs2wu000005k0j5lukw3e,Warangal Fort (Kakatiya Kala Thoranam),Warangal,Telangana,2,https://upload.wikimedia.org/wikipedia/commons/9/95/Kakatiya_Kala_Thoranam%2C_Warangal_Fort.jpg|https://upload.wikimedia.org/wikipedia/commons/1/1b/Ruins_at_Warangal_Fort.jpg
cmpy1rcx6001g04l54oqca9r5,Almora,Almora,Uttarakhand,5,https://upload.wikimedia.org/wikipedia/commons/c/c9/Almora_Bazaar._c1860.jpg|https://upload.wikimedia.org/wikipedia/commons/7/77/Almora_Uttarakhand_India_2013.jpg|https://upload.wikimedia.org/wikipedia/commons/1/11/Almora_after_rain_sunlight.jpg|https://upload.wikimedia.org/wikipedia/commons/d/de/Ancient_Cave_Paintings_at_Lakhudiyar%2C_Almora_District%2C_Uttarakhand_India_-_1.jpeg|https://upload.wikimedia.org/wikipedia/commons/5/55/Kosi_River_valley_near_Almora%2C_Uttarakhand%2C_India.jpg
cmpy1rp5h001i04l5e3acwkn1,Badrinath Temple,Badrinath,Uttarakhand,4,https://upload.wikimedia.org/wikipedia/commons/7/76/Badrinath_Mandir_on_20_June_2019.jpg|https://upload.wikimedia.org/wikipedia/commons/4/4a/Badrinath_temple.jpg|https://upload.wikimedia.org/wikipedia/commons/8/8d/Badrinath_Temple_Uttarakhand.jpg|https://upload.wikimedia.org/wikipedia/commons/6/6e/Neelkanth_peak_Badrinath.jpg
cmpy1r97b001004l51q5syv6n,Bhimtal,Bhimtal,Uttarakhand,3,https://upload.wikimedia.org/wikipedia/commons/1/11/Bhimtal_lake_view_01.jpg|https://upload.wikimedia.org/wikipedia/commons/c/cc/Graphic_Era_Hill_University_Bhimtal_Campus.jpg|https://upload.wikimedia.org/wikipedia/commons/d/d8/The_dam_and_the_Bhim_temple_at_Bhimtal%2C_1895.jpg
cmpy1sblt001r04l5k2lcqyw4,Binsar Wildlife Sanctuary,Binsar,Uttarakhand,3,https://upload.wikimedia.org/wikipedia/commons/f/f6/Binsar%2C_a_view_of_Kumaon_Himalayas.jpg|https://upload.wikimedia.org/wikipedia/commons/f/fc/Binsar.JPG|https://upload.wikimedia.org/wikipedia/commons/2/22/Binsar_Oak_Forests.JPG
cmpy1ratv001704l5d3989qn2,Chakrata,Chakrata,Uttarakhand,1,https://upload.wikimedia.org/wikipedia/commons/2/2a/Chakrata_small.JPG
cmpy1rc83001d04l5w15yc5o4,Chopta,Chopta,Uttarakhand,1,https://upload.wikimedia.org/wikipedia/commons/3/3f/Chopta%2C_starting_point_for_treks_to_Tungnath_and_Chandrashila.jpg
cmpy1rbzp001c04l59fhhf9sc,Robbers Cave,Dehradun,Uttarakhand,0,
cmpy1rbrc001b04l5j8mrmpv7,Sahastradhara,Dehradun,Uttarakhand,0,
cmpy1rali001604l5rpcyya9o,Dhanaulti,Dhanaulti,Uttarakhand,5,https://upload.wikimedia.org/wikipedia/commons/2/24/Mussoorie_Hill_Station.jpg|https://upload.wikimedia.org/wikipedia/commons/8/8e/Mussoorie_Lal_Tibba.jpg|https://upload.wikimedia.org/wikipedia/commons/9/9c/Kempty_Falls%2C_Mussoorie.jpg|https://upload.wikimedia.org/wikipedia/commons/1/1f/Gun_Hill%2C_Mussoorie.jpg|https://upload.wikimedia.org/wikipedia/commons/4/4a/Mussoorie_Mall_Road.jpg
cmpy1rpdu001j04l5m1xeiz3s,Gangotri Temple,Gangotri,Uttarakhand,3,https://upload.wikimedia.org/wikipedia/commons/9/9e/Gangotri_temple.jpg|https://upload.wikimedia.org/wikipedia/commons/4/4f/Gangotri_Temple_Uttarakhand.jpg|https://upload.wikimedia.org/wikipedia/commons/f/f7/Devotees_at_Kedarnath_temple%2C_Uttrakhand_01.jpg
cmpy1rqbf001n04l5iq9iqaw6,Hemkund Sahib,Ghangaria,Uttarakhand,0,
cmpy1r8i3000x04l5bjak6pxq,Valley of Flowers,Ghangaria,Uttarakhand,3,https://upload.wikimedia.org/wikipedia/commons/4/4c/Valley_of_Flowers%2CUttarakhand_08.jpg|https://upload.wikimedia.org/wikipedia/commons/9/9a/Valley_of_flowers%2C_Uttarakhand%2C_India.jpg|https://upload.wikimedia.org/wikipedia/commons/7/7e/Valley_of_Flowers_National_Park.jpg
cmpy1rqjt001o04l5w9dt8y3x,Auli,Joshimath,Uttarakhand,3,https://upload.wikimedia.org/wikipedia/commons/5/54/Auli_Temple_From_Ropeway_%28196432903%29.jpeg|https://upload.wikimedia.org/wikipedia/commons/4/4b/Auli_ski_resort.jpg|https://upload.wikimedia.org/wikipedia/commons/8/8f/Auli_artificial_lake.jpg
cmpy1rpun001l04l5dhpnk0f8,Joshimath,Joshimath,Uttarakhand,1,https://upload.wikimedia.org/wikipedia/commons/5/54/Auli_Temple_From_Ropeway_%28196432903%29.jpeg
cmpy1rad5001504l5fsnbpkix,Kanatal,Kanatal,Uttarakhand,1,https://upload.wikimedia.org/wikipedia/commons/2/29/Kanatal.jpg
cmpy1rbam001904l5x1a7q11q,Kausani,Kausani,Uttarakhand,2,https://upload.wikimedia.org/wikipedia/commons/1/1e/Kausani_view_Himalaya.jpg|https://upload.wikimedia.org/wikipedia/commons/8/8a/Kausani_Uttarakhand.jpg
cmpy1rox3001h04l5ujom71ae,Kedarnath Temple,Kedarnath,Uttarakhand,4,https://upload.wikimedia.org/wikipedia/commons/f/f7/Devotees_at_Kedarnath_temple%2C_Uttrakhand_01.jpg|https://upload.wikimedia.org/wikipedia/commons/8/8e/Kedarnath_Temple_in_Rainy_season.jpg|https://upload.wikimedia.org/wikipedia/commons/3/3a/Kedarnath_Temple_Uttarakhand.jpg|https://upload.wikimedia.org/wikipedia/commons/5/5f/Kedarnath_peak.jpg
cmpy1sbue001s04l5c0a1jw69,Khirsu,Khirsu,Uttarakhand,0,
cmpy1ra4r001404l5a10hrt6w,Lansdowne,Lansdowne,Uttarakhand,1,https://upload.wikimedia.org/wikipedia/commons/4/4d/Lansdowne_Landscape.jpg
cmpy1rq31001m04l52zeb2mlo,Mana Village,Mana,Uttarakhand,0,
cmpy1saiv001q04l5k06av7cu,Mukteshwar,Mukteshwar,Uttarakhand,5,https://upload.wikimedia.org/wikipedia/commons/f/f0/Chauli_Ki_Jali%2C_Mukteshwar.jpg|https://upload.wikimedia.org/wikipedia/commons/f/fb/House_made_on_hill_at_Mukteshwar.jpg|https://upload.wikimedia.org/wikipedia/commons/9/96/IBL_Mukteshwar_people.jpg|https://upload.wikimedia.org/wikipedia/commons/e/ec/MonkeyFaceStone-Mukteshwar.jpg|https://upload.wikimedia.org/wikipedia/commons/6/69/Mukteshwar%2C_a_view_of_the_Himalayas.jpg
cmpy1s9x6001p04l5tyix4tnj,Munsiyari,Munsiyari,Uttarakhand,0,
cmpy1r8qk000y04l5i6qrwwne,Mussoorie,Mussoorie,Uttarakhand,5,https://upload.wikimedia.org/wikipedia/commons/2/24/Mussoorie_Hill_Station.jpg|https://upload.wikimedia.org/wikipedia/commons/8/8e/Mussoorie_Lal_Tibba.jpg|https://upload.wikimedia.org/wikipedia/commons/9/9c/Kempty_Falls%2C_Mussoorie.jpg|https://upload.wikimedia.org/wikipedia/commons/1/1f/Gun_Hill%2C_Mussoorie.jpg|https://upload.wikimedia.org/wikipedia/commons/4/4a/Mussoorie_Mall_Road.jpg
cmpy1r8yx000z04l5z2y0mi9w,Nainital,Nainital,Uttarakhand,5,https://upload.wikimedia.org/wikipedia/commons/6/62/Boats_on_Nainital_Lake_02.jpg|https://upload.wikimedia.org/wikipedia/commons/3/3a/Nainital_Lake_view.jpg|https://upload.wikimedia.org/wikipedia/commons/8/8d/Naini_Lake_Nainital.jpg|https://upload.wikimedia.org/wikipedia/commons/5/5e/Nainital_boat_house.jpg|https://upload.wikimedia.org/wikipedia/commons/2/2f/Snow_view_point%2C_Nainital.jpg
cmpy1r9fo001104l56xhxjlv0,Naukuchiatal,Naukuchiatal,Uttarakhand,1,https://upload.wikimedia.org/wikipedia/commons/4/44/Naukuchiatal_Lake.jpg
cmpy1rcot001f04l5qjy0zc2i,Tehri Lake,New Tehri,Uttarakhand,5,https://upload.wikimedia.org/wikipedia/commons/1/11/A_protest_message_against_Tehri_dam%2C_Garhwal%2C_Uttarakhand.jpg|https://upload.wikimedia.org/wikipedia/commons/d/df/Power_House_of_Tehri_Dam.jpg|https://upload.wikimedia.org/wikipedia/commons/2/26/TehriDam_1.JPG|https://upload.wikimedia.org/wikipedia/commons/0/03/Tehri_Dam_India.jpg|https://upload.wikimedia.org/wikipedia/commons/2/2f/Tehri_dam.jpg
cmpy1rbiz001a04l5fb5jt620,Ranikhet,Ranikhet,Uttarakhand,5,https://upload.wikimedia.org/wikipedia/commons/d/d8/Entrance_to_Ranikhet_Bazaar_in_1946.JPG|https://upload.wikimedia.org/wikipedia/commons/9/96/Jhula_devi_temple%2C_Ranikhet.jpg|https://upload.wikimedia.org/wikipedia/commons/4/4d/Panorama_of_Himalayas_from_Ranikhet%2C_Uttarakhand%2C_India.jpg|https://upload.wikimedia.org/wikipedia/commons/b/bc/Panorama_of_Ranikhet_town_in_Almora_district%2C_Uttarakhand.jpg|https://upload.wikimedia.org/wikipedia/commons/b/bd/Rani_Jheel%2C_Ranikhet.jpg
cmpy1rcgg001e04l5c46jso5d,Rudraprayag,Rudraprayag,Uttarakhand,5,https://upload.wikimedia.org/wikipedia/commons/e/e0/Confluence_of_Alaknanda_and_Mandakini_at_Rudraprayag.JPG|https://upload.wikimedia.org/wikipedia/commons/d/d5/Mandakini-left-bank-broken-bridge-rudraprayag-sangam-g.jpg|https://upload.wikimedia.org/wikipedia/commons/6/6a/Mandakini_joins_Alaknanda_at_Rudraprayag.JPG|https://upload.wikimedia.org/wikipedia/commons/6/6b/P1000137-41-rudraprayag-pano-g.jpg|https://upload.wikimedia.org/wikipedia/commons/8/87/RudraprayagConfluence.JPG
cmpy1sc2x001t04l5jqj195tn,Sitlakhet,Sitlakhet,Uttarakhand,0,
cmpy1rpm9001k04l53qdpiwmk,Yamunotri Temple,Yamunotri,Uttarakhand,3,https://upload.wikimedia.org/wikipedia/commons/8/8c/Yamunotri_Temple.jpg|https://upload.wikimedia.org/wikipedia/commons/9/9e/Gangotri_temple.jpg|https://upload.wikimedia.org/wikipedia/commons/f/f7/Devotees_at_Kedarnath_temple%2C_Uttrakhand_01.jpg
